-- phpMyAdmin SQL Dump
-- version 5.0.2
-- https://www.phpmyadmin.net/
--
-- Host: 127.0.0.1:3306
-- Generation Time: Dec 14, 2021 at 09:38 AM
-- Server version: 8.0.21
-- PHP Version: 7.4.9

SET SQL_MODE = "NO_AUTO_VALUE_ON_ZERO";
START TRANSACTION;
SET time_zone = "+00:00";


/*!40101 SET @OLD_CHARACTER_SET_CLIENT=@@CHARACTER_SET_CLIENT */;
/*!40101 SET @OLD_CHARACTER_SET_RESULTS=@@CHARACTER_SET_RESULTS */;
/*!40101 SET @OLD_COLLATION_CONNECTION=@@COLLATION_CONNECTION */;
/*!40101 SET NAMES utf8mb4 */;

--
-- Database: `fantasy`
--

-- --------------------------------------------------------

--
-- Table structure for table `playerstats`
--

DROP TABLE IF EXISTS `playerstats`;
CREATE TABLE IF NOT EXISTS `playerstats` (
  `playerid` int UNSIGNED NOT NULL AUTO_INCREMENT,
  `teamid` int UNSIGNED NOT NULL,
  `pos` varchar(10) NOT NULL,
  `pname` varchar(30) NOT NULL,
  `g` int NOT NULL,
  `a` int NOT NULL,
  `plusminus` int NOT NULL,
  `ppp` int NOT NULL,
  `shp` int NOT NULL,
  `sog` int NOT NULL,
  `fw` int NOT NULL,
  `hit` int NOT NULL,
  `blk` int NOT NULL,
  `gs` int NOT NULL,
  `w` int NOT NULL,
  `gaa` float NOT NULL,
  `sv` float NOT NULL,
  `sho` int NOT NULL,
  PRIMARY KEY (`playerid`),
  KEY `teamid` (`teamid`)
) ENGINE=MyISAM AUTO_INCREMENT=359 DEFAULT CHARSET=utf8mb4 COLLATE=utf8mb4_0900_ai_ci;

--
-- Dumping data for table `playerstats`
--

INSERT INTO `playerstats` (`playerid`, `teamid`, `pos`, `pname`, `g`, `a`, `plusminus`, `ppp`, `shp`, `sog`, `fw`, `hit`, `blk`, `gs`, `w`, `gaa`, `sv`, `sho`) VALUES
(1, 4, 'C', 'Marchessault', 10, 5, -2, 2, 0, 54, 6, 19, 6, 0, 0, 0, 0, 0),
(2, 4, 'C', 'Tavares', 11, 14, 5, 5, 0, 81, 234, 21, 16, 0, 0, 0, 0, 0),
(3, 4, 'LW', 'Meier', 11, 13, 12, 4, 0, 85, 2, 38, 17, 0, 0, 0, 0, 0),
(4, 4, 'LW', 'Ovechkin', 20, 19, 19, 9, 1, 104, 2, 36, 7, 0, 0, 0, 0, 0),
(5, 4, 'RW', 'Kyrou', 9, 14, 3, 7, 1, 60, 1, 3, 7, 0, 0, 0, 0, 0),
(6, 4, 'RW', 'Gaudreau', 9, 18, 16, 4, 0, 79, 1, 4, 2, 0, 0, 0, 0, 0),
(7, 4, 'D', 'Krug', 3, 7, 1, 5, 1, 36, 0, 12, 13, 0, 0, 0, 0, 0),
(8, 4, 'D', 'Schmidt', 1, 11, 1, 7, 0, 37, 0, 12, 33, 0, 0, 0, 0, 0),
(9, 4, 'D', 'Carlson', 5, 18, 8, 8, 1, 51, 0, 20, 28, 0, 0, 0, 0, 0),
(10, 4, 'D', 'Karrlsson', 5, 8, 4, 5, 0, 37, 0, 7, 19, 0, 0, 0, 0, 0),
(11, 4, 'BN', 'Petterson', 4, 8, -6, 8, 1, 61, 59, 5, 11, 0, 0, 0, 0, 0),
(12, 4, 'BN', 'Chabot', 0, 10, 3, 3, 0, 55, 0, 26, 37, 0, 0, 0, 0, 0),
(13, 4, 'BN', 'Benn', 5, 4, 0, 3, 0, 43, 153, 47, 13, 0, 0, 0, 0, 0),
(14, 4, 'G', 'Saros', 0, 0, 0, 0, 0, 0, 0, 0, 0, 20, 11, 2.37, 0.921, 1),
(15, 4, 'G', 'Grubauer', 0, 0, 0, 0, 0, 0, 0, 0, 0, 18, 7, 3.17, 0.886, 0),
(16, 4, 'BN', 'Nedelkjovic', 0, 0, 0, 0, 0, 0, 0, 0, 0, 18, 7, 2.69, 0.918, 0),
(17, 1, 'C', 'Mackinnon', 1, 15, -2, 4, 0, 34, 47, 12, 14, 0, 0, 0, 0, 0),
(18, 1, 'C', 'Erikson', 9, 6, 6, 4, 0, 66, 232, 35, 19, 0, 0, 0, 0, 0),
(19, 1, 'LW', 'Jenner', 11, 4, -6, 5, 0, 58, 255, 17, 22, 0, 0, 0, 0, 0),
(20, 1, 'LW', 'Pacioretty', 5, 4, 2, 3, 0, 36, 1, 8, 4, 0, 0, 0, 0, 0),
(21, 1, 'RW', 'Copp', 6, 12, 10, 2, 2, 61, 161, 23, 13, 0, 0, 0, 0, 0),
(22, 1, 'RW', 'Wilson', 8, 15, 15, 3, 2, 47, 6, 70, 22, 0, 0, 0, 0, 0),
(23, 1, 'D', 'Pietrangelo', 4, 10, 1, 5, 2, 60, 0, 18, 50, 0, 0, 0, 0, 0),
(24, 1, 'D', 'Weegar', 0, 14, 18, 1, 1, 51, 0, 70, 53, 0, 0, 0, 0, 0),
(25, 1, 'D', 'Fox', 5, 20, 10, 10, 1, 47, 0, 11, 52, 0, 0, 0, 0, 0),
(26, 1, 'D', 'Orlov', 4, 10, 19, 1, 0, 37, 0, 41, 27, 0, 0, 0, 0, 0),
(27, 1, 'BN', 'Hartmann', 13, 8, 21, 1, 0, 86, 131, 25, 12, 0, 0, 0, 0, 0),
(28, 1, 'BN', 'Trouba', 4, 6, 4, 1, 0, 60, 0, 63, 47, 0, 0, 0, 0, 0),
(29, 1, 'BN', 'Bennett', 8, 5, 12, 4, 1, 74, 125, 45, 8, 0, 0, 0, 0, 0),
(30, 1, 'G', 'Koskinen', 0, 0, 0, 0, 0, 0, 0, 0, 0, 13, 12, 3.04, 0.907, 0),
(31, 1, 'G', 'Markstrom', 0, 0, 0, 0, 0, 0, 0, 0, 0, 18, 10, 2.62, 0.937, 5),
(32, 1, 'BN', 'Talbot', 0, 0, 0, 0, 0, 0, 0, 0, 0, 18, 13, 2.62, 0.919, 0),
(33, 1, 'IR', 'Barkov', 9, 8, 11, 2, 0, 44, 169, 14, 4, 0, 0, 0, 0, 0),
(34, 6, 'C', 'Trocheck', 5, 11, 7, 4, 0, 40, 198, 43, 11, 0, 0, 0, 0, 0),
(35, 2, 'C', 'Thomas', 2, 20, -1, 7, 0, 38, 206, 6, 9, 0, 0, 0, 0, 0),
(36, 2, 'C', 'Horvat', 7, 6, -3, 2, 0, 64, 348, 25, 16, 0, 0, 0, 0, 0),
(37, 2, 'LW', 'Panarin', 7, 19, 7, 10, 0, 57, 0, 9, 4, 0, 0, 0, 0, 0),
(38, 2, 'LW', 'Tkachuk', 7, 9, 2, 0, 0, 58, 56, 81, 7, 0, 0, 0, 0, 0),
(39, 2, 'RW', 'Kane', 7, 14, -5, 6, 0, 79, 4, 3, 2, 0, 0, 0, 0, 0),
(40, 2, 'RW', 'Tarasenko', 7, 12, -2, 5, 1, 85, 0, 20, 18, 0, 0, 0, 0, 0),
(41, 2, 'D', 'Ekblad', 8, 15, 21, 8, 0, 79, 0, 23, 24, 0, 0, 0, 0, 0),
(42, 2, 'D', 'Hamilton', 6, 9, 4, 4, 0, 77, 0, 28, 34, 0, 0, 0, 0, 0),
(43, 2, 'D', 'Sergachev', 2, 11, -1, 3, 1, 34, 0, 30, 29, 0, 0, 0, 0, 0),
(44, 2, 'D', 'Goligoski', 2, 14, 12, 2, 0, 22, 0, 18, 26, 0, 0, 0, 0, 0),
(45, 2, 'BN', 'Hischier', 3, 11, 2, 2, 1, 44, 224, 19, 16, 0, 0, 0, 0, 0),
(46, 2, 'BN', 'Hughes', 3, 1, 0, 0, 0, 7, 6, 0, 2, 0, 0, 0, 0, 0),
(47, 2, 'BN', 'Hintz', 10, 5, 5, 4, 2, 59, 70, 22, 11, 0, 0, 0, 0, 0),
(48, 2, 'G', 'Andersen', 0, 0, 0, 0, 0, 0, 0, 0, 0, 16, 11, 2.04, 0.927, 1),
(49, 2, 'G', 'Johannson', 0, 0, 0, 0, 0, 0, 0, 0, 0, 6, 3, 3.89, 0.88, 0),
(50, 2, 'BN', 'Holtby', 0, 0, 0, 0, 0, 0, 0, 0, 0, 10, 4, 2, 0.923, 0),
(51, 2, 'IR', 'McAvoy', 3, 11, 4, 8, 0, 43, 0, 39, 40, 0, 0, 0, 0, 0),
(52, 2, 'IR', 'Price', 0, 0, 0, 0, 0, 0, 0, 0, 0, 0, 0, 0, 0, 0),
(53, 6, 'C', 'Lundestrom', 6, 8, 7, 0, 2, 32, 133, 10, 16, 0, 0, 0, 0, 0),
(54, 3, 'C', 'Cirelli', 8, 8, 2, 4, 0, 46, 149, 28, 24, 0, 0, 0, 0, 0),
(55, 3, 'C', 'McDavid', 16, 26, 9, 19, 0, 83, 136, 22, 5, 0, 0, 0, 0, 0),
(56, 3, 'LW', 'Palat', 6, 8, 2, 1, 0, 45, 0, 40, 17, 0, 0, 0, 0, 0),
(57, 3, 'LW', 'M Tkachuk', 11, 9, 13, 8, 0, 84, 8, 33, 6, 0, 0, 0, 0, 0),
(58, 3, 'RW', 'Hathaway', 7, 2, 8, 0, 1, 53, 5, 94, 11, 0, 0, 0, 0, 0),
(59, 3, 'RW', 'Ehlers', 8, 7, 2, 1, 0, 88, 1, 10, 9, 0, 0, 0, 0, 0),
(60, 3, 'D', 'Hedman', 5, 18, 5, 8, 0, 62, 0, 38, 34, 0, 0, 0, 0, 0),
(61, 3, 'D', 'McDonagh', 1, 6, 0, 0, 0, 29, 0, 32, 46, 0, 0, 0, 0, 0),
(62, 3, 'D', 'Rielly', 3, 15, 11, 7, 0, 63, 0, 27, 27, 0, 0, 0, 0, 0),
(63, 3, 'D', 'Barrie', 3, 10, -4, 6, 0, 47, 0, 10, 25, 0, 0, 0, 0, 0),
(64, 3, 'BN', 'Slavin', 0, 11, 5, 1, 0, 47, 0, 18, 34, 0, 0, 0, 0, 0),
(65, 3, 'BN', 'Foligno', 10, 6, 11, 4, 0, 39, 3, 66, 13, 0, 0, 0, 0, 0),
(66, 3, 'BN', 'Granlun', 5, 21, 5, 7, 0, 41, 159, 14, 13, 0, 0, 0, 0, 0),
(67, 3, 'G', 'Demko', 0, 0, 0, 0, 0, 0, 0, 0, 0, 16, 11, 2.73, 0.915, 1),
(68, 3, 'G', 'Allen', 0, 0, 0, 0, 0, 0, 0, 0, 0, 20, 5, 3.01, 0.906, 2),
(69, 3, 'BN', 'Crosby', 5, 21, 5, 7, 0, 41, 159, 14, 13, 0, 0, 0, 0, 0),
(71, 5, 'C', 'Dubois', 11, 9, 6, 5, 0, 68, 137, 28, 18, 0, 0, 0, 0, 0),
(72, 5, 'C', 'Couture', 7, 13, 11, 3, 2, 54, 222, 27, 19, 0, 0, 0, 0, 0),
(73, 5, 'LW', 'Stephenson', 9, 12, 4, 2, 2, 40, 204, 26, 16, 0, 0, 0, 0, 0),
(74, 5, 'LW', 'Raymond', 10, 12, 3, 5, 0, 58, 5, 12, 7, 0, 0, 0, 0, 0),
(75, 5, 'RW', 'Guentzel', 13, 11, -3, 7, 0, 89, 9, 30, 19, 0, 0, 0, 0, 0),
(76, 5, 'RW', 'Rodrigues', 8, 8, 2, 2, 0, 81, 101, 27, 6, 0, 0, 0, 0, 0),
(77, 5, 'D', 'Middleton', 2, 2, 4, 0, 0, 26, 0, 27, 26, 0, 0, 0, 0, 0),
(78, 5, 'D', 'Andersson', 0, 11, 13, 5, 0, 35, 0, 9, 36, 0, 0, 0, 0, 0),
(79, 5, 'D', 'Doughty', 1, 7, 2, 3, 0, 11, 0, 10, 4, 0, 0, 0, 0, 0),
(80, 5, 'D', 'Nurse', 0, 11, 4, 5, 0, 53, 0, 66, 20, 0, 0, 0, 0, 0),
(81, 5, 'BN', 'Provorov', 2, 6, -3, 3, 1, 39, 0, 14, 52, 0, 0, 0, 0, 0),
(82, 5, 'BN', 'Jensen', 3, 6, 20, 0, 0, 38, 0, 46, 36, 0, 0, 0, 0, 0),
(83, 5, 'BN', 'Letang', 1, 15, 1, 4, 0, 52, 0, 48, 34, 0, 0, 0, 0, 0),
(84, 5, 'G', 'Hart', 0, 0, 0, 0, 0, 0, 0, 0, 0, 16, 5, 2.9, 0.911, 1),
(85, 5, 'G', 'Hellebuyck', 0, 0, 0, 0, 0, 0, 0, 0, 0, 20, 9, 2.77, 0.914, 0),
(86, 5, 'IR', 'Malkin', 0, 0, 0, 0, 0, 0, 0, 0, 0, 0, 0, 0, 0, 0),
(87, 5, 'IR', 'Marner', 6, 15, 5, 7, 1, 60, 3, 8, 12, 0, 0, 0, 0, 0),
(88, 5, 'IR', 'Kuemper', 0, 0, 0, 0, 0, 0, 0, 0, 0, 16, 10, 2.86, 0.902, 0),
(89, 6, 'LW', 'Marchand', 9, 15, 0, 11, 0, 48, 2, 30, 3, 0, 0, 0, 0, 0),
(90, 6, 'LW', 'Kreider', 16, 3, 5, 9, 0, 66, 15, 51, 9, 0, 0, 0, 0, 0),
(91, 6, 'RW', 'Batherson', 8, 12, 4, 6, 0, 48, 8, 44, 8, 0, 0, 0, 0, 0),
(92, 6, 'RW', 'Hyman', 11, 7, 0, 5, 2, 66, 20, 20, 6, 0, 0, 0, 0, 0),
(93, 6, 'D', 'Jones', 3, 19, -9, 7, 1, 67, 0, 28, 51, 0, 0, 0, 0, 0),
(94, 6, 'D', 'Heiskanen', 3, 13, 0, 7, 0, 59, 0, 16, 30, 0, 0, 0, 0, 0),
(95, 6, 'D', 'Shattenkirk', 5, 11, 0, 8, 0, 53, 0, 19, 31, 0, 0, 0, 0, 0),
(96, 6, 'D', 'Kylington', 3, 12, 9, 1, 0, 38, 0, 15, 25, 0, 0, 0, 0, 0),
(97, 6, 'G', 'Stolarz', 0, 0, 0, 0, 0, 0, 0, 0, 0, 6, 3, 2.42, 0.928, 1),
(98, 6, 'G', 'Sorokin', 0, 0, 0, 0, 0, 0, 0, 0, 0, 15, 5, 2.53, 0.924, 3),
(99, 6, 'BN', 'Swayman', 0, 0, 0, 0, 0, 0, 0, 0, 0, 12, 7, 2.15, 0.922, 1),
(100, 6, 'BN', 'Giroux', 9, 12, -9, 6, 0, 68, 196, 19, 2, 0, 0, 0, 0, 0),
(101, 6, 'BN', 'Landeskog', 9, 16, 12, 7, 0, 58, 112, 32, 15, 0, 0, 0, 0, 0),
(102, 6, 'BN', 'Fehervary', 2, 3, 8, 0, 1, 28, 0, 71, 42, 0, 0, 0, 0, 0),
(103, 6, 'IR', 'Backstrom', 0, 0, 0, 0, 0, 0, 0, 0, 0, 0, 0, 0, 0, 0),
(104, 6, 'IR', 'Ellis', 1, 4, 2, 2, 0, 6, 0, 1, 6, 0, 0, 0, 0, 0),
(105, 6, 'IR', 'Makar', 11, 11, 2, 9, 0, 56, 0, 22, 18, 0, 0, 0, 0, 0),
(106, 7, 'C', 'Nugent-Hopkins', 2, 21, 4, 13, 2, 55, 44, 18, 12, 0, 0, 0, 0, 0),
(107, 7, 'C', 'Stamkos', 12, 15, 4, 7, 0, 60, 168, 22, 13, 0, 0, 0, 0, 0),
(108, 7, 'LW', 'Andrew Magiapane', 17, 3, 6, 6, 1, 63, 11, 24, 8, 0, 0, 0, 0, 0),
(109, 7, 'LW', 'Filip Forsberg', 11, 5, 1, 4, 0, 42, 1, 14, 10, 0, 0, 0, 0, 0),
(110, 7, 'RW', 'Terry', 15, 11, 2, 7, 0, 54, 0, 1, 9, 0, 0, 0, 0, 0),
(111, 7, 'RW', 'Oshie', 4, 4, -4, 3, 0, 17, 17, 20, 9, 0, 0, 0, 0, 0),
(112, 7, 'D', 'Ekmann-Larsson', 2, 3, 2, 2, 0, 74, 0, 37, 19, 0, 0, 0, 0, 0),
(113, 7, 'D', 'Dahlin', 3, 12, -8, 6, 0, 48, 0, 32, 18, 0, 0, 0, 0, 0),
(114, 7, 'D', 'Seider', 3, 14, 3, 6, 0, 42, 0, 35, 43, 0, 0, 0, 0, 0),
(115, 7, 'G', 'Vasilevsky', 0, 0, 0, 0, 0, 0, 0, 0, 0, 19, 12, 2, 1, 2),
(116, 7, 'G', 'Husso', 0, 0, 0, 0, 0, 0, 0, 0, 0, 6, 3, 2, 1, 1),
(117, 7, 'BN', 'Pavelski', 7, 12, 7, 5, 0, 41, 101, 24, 15, 0, 0, 0, 0, 0),
(118, 7, 'BN', 'Kopitar', 8, 16, -8, 9, 0, 68, 267, 21, 28, 0, 0, 0, 0, 0),
(119, 7, 'BN', 'Kempe', 10, 5, -8, 4, 1, 65, 12, 33, 6, 0, 0, 0, 0, 0),
(120, 7, 'BN', 'Bergeron', 8, 10, 2, 9, 0, 75, 288, 29, 17, 0, 0, 0, 0, 0),
(121, 7, 'BN', 'Duclar', 9, 8, 14, 4, 0, 35, 0, 6, 6, 0, 0, 0, 0, 0),
(122, 7, 'IR', 'DeAngelo', 4, 15, 10, 6, 0, 43, 0, 8, 14, 0, 0, 0, 0, 0),
(123, 7, 'IR', 'Binnington', 0, 0, 0, 0, 0, 0, 0, 0, 0, 16, 8, 3, 1, 1),
(124, 7, 'IR', 'M Smith', 0, 0, 0, 0, 0, 0, 0, 0, 0, 3, 2, 3, 1, 0),
(125, 8, 'C', 'Zibanejad', 4, 14, 5, 7, 1, 57, 161, 18, 14, 0, 0, 0, 0, 0),
(126, 8, 'C', 'Larkin', 10, 11, 6, 4, 0, 60, 154, 8, 10, 0, 0, 0, 0, 0),
(127, 8, 'LW', 'Connor', 15, 12, 5, 7, 0, 105, 0, 11, 4, 0, 0, 0, 0, 0),
(128, 8, 'LW', 'Svechnikov', 9, 12, 9, 7, 0, 70, 0, 37, 1, 0, 0, 0, 0, 0),
(129, 8, 'RW', 'Duchene', 13, 11, 0, 7, 0, 76, 75, 5, 7, 0, 0, 0, 0, 0),
(130, 8, 'RW', 'Buchnevich', 9, 9, 7, 7, 0, 69, 6, 15, 6, 0, 0, 0, 0, 0),
(131, 8, 'D', 'Fowler', 4, 11, 0, 8, 0, 47, 0, 16, 38, 0, 0, 0, 0, 0),
(132, 8, 'D', 'Chychrun', 2, 5, -29, 1, 0, 79, 0, 32, 34, 0, 0, 0, 0, 0),
(133, 8, 'D', 'Larsson', 2, 5, -11, 1, 0, 36, 0, 65, 49, 0, 0, 0, 0, 0),
(134, 8, 'D', 'Romanov', 1, 3, -5, 0, 0, 29, 0, 74, 34, 0, 0, 0, 0, 0),
(135, 8, 'G', 'Samsonov', 0, 0, 0, 0, 0, 0, 0, 0, 0, 13, 11, 2, 1, 3),
(136, 8, 'G', 'Reimer', 0, 0, 0, 0, 0, 0, 0, 0, 0, 13, 8, 2, 1, 1),
(137, 8, 'BN', 'Zegras', 6, 15, -6, 5, 0, 64, 88, 11, 8, 0, 0, 0, 0, 0),
(138, 8, 'BN', 'Rantanen', 10, 11, 9, 10, 0, 63, 43, 19, 5, 0, 0, 0, 0, 0),
(139, 8, 'BN', 'Johnson', 3, 6, 9, 0, 2, 45, 0, 47, 37, 0, 0, 0, 0, 0),
(140, 8, 'BN', 'Vanecek', 0, 0, 0, 0, 0, 0, 0, 0, 0, 12, 4, 3, 1, 0),
(141, 8, 'IR', 'Pulock', 0, 2, -2, 1, 0, 19, 0, 25, 34, 0, 0, 0, 0, 0),
(142, 8, 'IR', 'Perron', 7, 11, -1, 8, 0, 50, 1, 15, 3, 0, 0, 0, 0, 0),
(143, 8, 'IR', 'Anderson', 0, 0, 0, 0, 0, 0, 0, 0, 0, 6, 4, 3, 1, 0),
(144, 9, 'C', 'Aho', 10, 15, 8, 7, 1, 69, 160, 13, 9, 0, 0, 0, 0, 0),
(145, 9, 'C', 'Gabriel-Pageua', 2, 4, -2, 1, 1, 28, 178, 42, 8, 0, 0, 0, 0, 0),
(146, 9, 'LW', 'DeBrincat', 14, 5, -6, 6, 0, 76, 6, 38, 11, 0, 0, 0, 0, 0),
(147, 9, 'LW', 'Teraveinen', 6, 11, 8, 8, 1, 63, 3, 9, 14, 0, 0, 0, 0, 0),
(148, 9, 'RW', 'Lindholm', 11, 14, 21, 9, 1, 73, 234, 20, 15, 0, 0, 0, 0, 0),
(149, 9, 'RW', 'Necas', 5, 8, 4, 1, 0, 44, 10, 15, 6, 0, 0, 0, 0, 0),
(150, 9, 'D', 'Lindell', 0, 5, 7, 1, 1, 54, 0, 44, 46, 0, 0, 0, 0, 0),
(151, 9, 'D', 'Murphy', 1, 1, -11, 0, 0, 16, 0, 48, 48, 0, 0, 0, 0, 0),
(152, 9, 'D', 'Faulk', 4, 6, 9, 2, 0, 57, 0, 39, 33, 0, 0, 0, 0, 0),
(153, 9, 'D', 'Grzelcyk', 0, 4, -5, 0, 0, 41, 0, 10, 28, 0, 0, 0, 0, 0),
(154, 9, 'G', 'Cambpell', 0, 0, 0, 0, 0, 0, 0, 0, 0, 19, 13, 2, 1, 3),
(155, 9, 'G', 'Jarry', 0, 0, 0, 0, 0, 0, 0, 0, 0, 20, 11, 1.92, 0.934, 3),
(156, 9, 'BN', 'Robertson', 7, 11, 8, 4, 0, 39, 0, 3, 4, 0, 0, 0, 0, 0),
(157, 9, 'BN', 'Hall', 5, 6, -3, 4, 0, 55, 1, 15, 10, 0, 0, 0, 0, 0),
(158, 9, 'BN', 'O\'Reilly', 4, 9, 1, 2, 0, 43, 247, 6, 11, 0, 0, 0, 0, 0),
(159, 9, 'BN', 'Pastrnak', 8, 11, 0, 5, 0, 98, 1, 18, 4, 0, 0, 0, 0, 0),
(160, 9, 'IR', 'W Karlsson', 1, 2, -5, 0, 0, 18, 85, 6, 6, 0, 0, 0, 0, 0),
(161, 10, 'C', 'Draisaitl', 21, 22, 15, 17, 1, 83, 267, 11, 5, 0, 0, 0, 0, 0),
(162, 10, 'C', 'Dvorak', 5, 7, -13, 2, 0, 47, 261, 15, 36, 0, 0, 0, 0, 0),
(163, 10, 'LW', 'Hertl', 12, 5, -6, 4, 0, 71, 214, 33, 11, 0, 0, 0, 0, 0),
(164, 10, 'LW', 'Miller', 9, 16, -2, 12, 0, 65, 191, 56, 14, 0, 0, 0, 0, 0),
(165, 10, 'RW', 'Bjorkstrand', 8, 13, -11, 8, 0, 68, 6, 14, 7, 0, 0, 0, 0, 0),
(166, 10, 'RW', 'Seguin', 6, 4, -4, 3, 0, 53, 133, 25, 9, 0, 0, 0, 0, 0),
(167, 10, 'D', 'Ferraro', 2, 8, -1, 0, 0, 22, 0, 54, 79, 0, 0, 0, 0, 0),
(168, 10, 'D', 'Josi', 8, 16, 5, 11, 0, 79, 0, 13, 33, 0, 0, 0, 0, 0),
(169, 10, 'D', 'Toews', 4, 11, 15, 4, 0, 29, 0, 14, 13, 0, 0, 0, 0, 0),
(170, 10, 'D', 'Brodin', 3, 11, 6, 3, 1, 49, 0, 19, 42, 0, 0, 0, 0, 0),
(171, 10, 'G', 'Merzlikins', 0, 0, 0, 0, 0, 0, 0, 0, 0, 15, 10, 3, 1, 1),
(172, 10, 'G', 'Lehner', 0, 0, 0, 0, 0, 0, 0, 0, 0, 19, 10, 3, 1, 0),
(173, 10, 'BN', 'Tanev', 8, 5, 2, 2, 1, 45, 1, 90, 15, 0, 0, 0, 0, 0),
(174, 10, 'BN', 'Puljujarvi', 8, 11, 8, 3, 0, 59, 0, 25, 4, 0, 0, 0, 0, 0),
(175, 10, 'BN', 'Rust', 2, 7, 1, 2, 0, 35, 1, 4, 4, 0, 0, 0, 0, 0),
(176, 10, 'BN', 'Petersen', 0, 0, 0, 0, 0, 0, 0, 0, 0, 11, 5, 3, 1, 0),
(177, 10, 'IR', 'Eichel', 0, 0, 0, 0, 0, 0, 0, 0, 0, 0, 0, 0, 0, 0),
(178, 10, 'IR', 'Cernak', 1, 3, 2, 0, 0, 34, 0, 41, 24, 0, 0, 0, 0, 0),
(179, 11, 'C', 'Couturier', 5, 9, -6, 4, 1, 67, 178, 17, 12, 0, 0, 0, 0, 0),
(180, 11, 'C', 'Kadri', 10, 21, 3, 12, 0, 68, 192, 19, 4, 0, 0, 0, 0, 0),
(181, 11, 'LW', 'Huberdeau', 9, 21, 7, 8, 1, 64, 8, 34, 10, 0, 0, 0, 0, 0),
(182, 11, 'LW', 'Garland', 8, 11, 5, 2, 0, 74, 3, 16, 4, 0, 0, 0, 0, 0),
(183, 11, 'RW', 'Stone', 1, 11, 3, 0, 1, 22, 1, 7, 12, 0, 0, 0, 0, 0),
(184, 11, 'RW', 'R Smith', 10, 9, 4, 3, 3, 75, 0, 23, 9, 0, 0, 0, 0, 0),
(185, 11, 'D', 'Gudas', 0, 6, 8, 0, 0, 40, 0, 107, 39, 0, 0, 0, 0, 0),
(186, 11, 'D', 'Dumba', 3, 10, 7, 3, 0, 60, 0, 45, 42, 0, 0, 0, 0, 0),
(187, 11, 'D', 'Manson', 3, 3, 5, 0, 0, 41, 0, 73, 24, 0, 0, 0, 0, 0),
(188, 11, 'D', 'Oleksiak', 1, 9, 3, 0, 0, 33, 0, 74, 25, 0, 0, 0, 0, 0),
(189, 11, 'G', 'Gibson', 0, 0, 0, 0, 0, 0, 0, 0, 0, 20, 10, 3, 1, 1),
(190, 11, 'G', 'Georgiev', 0, 0, 0, 0, 0, 0, 0, 0, 0, 7, 4, 3, 1, 0),
(191, 11, 'BN', 'Pionk', 2, 14, 4, 6, 0, 53, 0, 68, 29, 0, 0, 0, 0, 0),
(192, 11, 'BN', 'Matthews', 17, 11, 4, 11, 0, 109, 211, 20, 19, 0, 0, 0, 0, 0),
(193, 11, 'BN', 'Nylander', 11, 15, 3, 11, 0, 100, 9, 5, 3, 0, 0, 0, 0, 0),
(194, 11, 'BN', 'Reinhart', 7, 11, 5, 4, 0, 54, 43, 19, 11, 0, 0, 0, 0, 0),
(195, 11, 'IR', 'Shesterkin', 0, 0, 0, 0, 0, 0, 0, 0, 0, 17, 13, 2, 1, 1),
(196, 12, 'C', 'Johansen', 7, 15, -1, 8, 0, 38, 219, 21, 15, 0, 0, 0, 0, 0),
(197, 12, 'C', 'Barzal', 5, 9, -4, 4, 0, 54, 76, 14, 5, 0, 0, 0, 0, 0),
(198, 12, 'LW', 'Heinen', 7, 5, 4, 2, 0, 46, 0, 25, 16, 0, 0, 0, 0, 0),
(199, 12, 'LW', 'Laughton', 5, 2, -4, 0, 2, 32, 120, 50, 19, 0, 0, 0, 0, 0),
(200, 12, 'RW', 'Kaprizov', 9, 21, 11, 5, 0, 84, 2, 24, 6, 0, 0, 0, 0, 0),
(201, 12, 'RW', 'Suter', 5, 8, 0, 3, 0, 56, 137, 8, 10, 0, 0, 0, 0, 0),
(202, 12, 'D', 'Werenski', 5, 12, -3, 7, 1, 73, 0, 12, 37, 0, 0, 0, 0, 0),
(203, 12, 'D', 'Ekholm', 0, 5, -1, 0, 0, 41, 0, 11, 26, 0, 0, 0, 0, 0),
(204, 12, 'D', 'Q  Hughes', 2, 18, 4, 9, 1, 54, 0, 6, 16, 0, 0, 0, 0, 0),
(205, 12, 'D', 'McNabb', 2, 4, 3, 0, 0, 17, 0, 54, 57, 0, 0, 0, 0, 0),
(206, 12, 'G', 'Fleury', 0, 0, 0, 0, 0, 0, 0, 0, 0, 17, 7, 3, 1, 1),
(207, 12, 'G', 'Bobrovsky', 0, 0, 0, 0, 0, 0, 0, 0, 0, 16, 11, 2, 1, 0),
(208, 12, 'BN', 'Burns', 2, 13, -1, 4, 1, 65, 0, 15, 48, 0, 0, 0, 0, 0),
(209, 12, 'BN', 'Getzlaf', 1, 19, 0, 5, 0, 55, 258, 38, 24, 0, 0, 0, 0, 0),
(210, 12, 'BN', 'Point', 7, 6, 2, 4, 0, 38, 73, 14, 5, 0, 0, 0, 0, 0),
(211, 12, 'IR', 'Laine', 3, 7, 2, 4, 0, 23, 0, 5, 5, 0, 0, 0, 0, 0),
(212, 12, 'IR', 'M. Jones', 0, 0, 0, 0, 0, 0, 0, 0, 0, 8, 3, 3, 1, 0),
(214, 6, 'C', 'Lundestrom', 6, 8, 7, 0, 2, 32, 133, 10, 16, 0, 0, 0, 0, 0),
(215, 6, 'C', 'Trocheck', 5, 11, 7, 4, 0, 40, 198, 43, 11, 0, 0, 0, 0, 0),
(216, 6, 'LW', 'Marchand', 9, 15, 0, 11, 0, 48, 2, 30, 3, 0, 0, 0, 0, 0),
(217, 6, 'LW', 'Kreider', 16, 3, 5, 9, 0, 66, 15, 51, 9, 0, 0, 0, 0, 0),
(218, 6, 'RW', 'Batherson', 8, 12, 4, 6, 0, 48, 8, 44, 8, 0, 0, 0, 0, 0),
(219, 6, 'RW', 'Hyman', 11, 7, 0, 5, 2, 66, 20, 20, 6, 0, 0, 0, 0, 0),
(220, 6, 'D', 'Jones', 3, 19, -9, 7, 1, 67, 0, 28, 51, 0, 0, 0, 0, 0),
(221, 6, 'D', 'Heiskanen', 3, 13, 0, 7, 0, 59, 0, 16, 30, 0, 0, 0, 0, 0),
(222, 6, 'D', 'Shattenkirk', 5, 11, 0, 8, 0, 53, 0, 19, 31, 0, 0, 0, 0, 0),
(223, 6, 'D', 'Kylington', 3, 12, 9, 1, 0, 38, 0, 15, 25, 0, 0, 0, 0, 0),
(224, 6, 'G', 'Stolarz', 0, 0, 0, 0, 0, 0, 0, 0, 0, 6, 3, 2.82, 0.919, 1),
(225, 6, 'G', 'Sorokin', 0, 0, 0, 0, 0, 0, 0, 0, 0, 15, 5, 2.49, 0.925, 3),
(226, 6, 'BN', 'Swayman', 0, 0, 0, 0, 0, 0, 0, 0, 0, 12, 7, 2.26, 0.918, 1),
(227, 6, 'BN', 'Giroux', 9, 12, -9, 6, 0, 68, 196, 19, 2, 0, 0, 0, 0, 0),
(228, 6, 'BN', 'Landeskog', 9, 16, 12, 7, 0, 58, 112, 32, 15, 0, 0, 0, 0, 0),
(229, 6, 'BN', 'Fehervary', 2, 3, 8, 0, 1, 28, 0, 71, 42, 0, 0, 0, 0, 0),
(230, 6, 'IR', 'Backstrom', 0, 0, 0, 0, 0, 0, 0, 0, 0, 0, 0, 0, 0, 0),
(231, 6, 'IR', 'Ellis', 1, 4, 2, 2, 0, 6, 0, 1, 6, 0, 0, 0, 0, 0),
(232, 6, 'IR', 'Makar', 11, 11, 2, 9, 0, 56, 0, 22, 18, 0, 0, 0, 0, 0),
(233, 7, 'C', 'Nugent-Hopkins', 2, 21, 4, 13, 2, 55, 44, 18, 12, 0, 0, 0, 0, 0),
(234, 7, 'C', 'Stamkos', 12, 15, 4, 7, 0, 60, 168, 22, 13, 0, 0, 0, 0, 0),
(235, 7, 'LW', 'Andrew Magiapane', 17, 3, 6, 6, 1, 63, 11, 24, 8, 0, 0, 0, 0, 0),
(236, 7, 'LW', 'Filip Forsberg', 11, 5, 1, 4, 0, 42, 1, 14, 10, 0, 0, 0, 0, 0),
(237, 7, 'RW', 'Terry', 15, 11, 2, 7, 0, 54, 0, 1, 9, 0, 0, 0, 0, 0),
(238, 7, 'RW', 'Oshie', 4, 4, -4, 3, 0, 17, 17, 20, 9, 0, 0, 0, 0, 0),
(239, 7, 'D', 'Ekmann-Larsson', 2, 3, 2, 2, 0, 74, 0, 37, 19, 0, 0, 0, 0, 0),
(240, 7, 'D', 'Dahlin', 3, 12, -8, 6, 0, 48, 0, 32, 18, 0, 0, 0, 0, 0),
(241, 7, 'D', 'Seider', 3, 14, 3, 6, 0, 42, 0, 35, 43, 0, 0, 0, 0, 0),
(242, 7, 'G', 'Vasilevsky', 0, 0, 0, 0, 0, 0, 0, 0, 0, 19, 12, 2.13, 0.927, 2),
(243, 7, 'G', 'Husso', 0, 0, 0, 0, 0, 0, 0, 0, 0, 6, 3, 2.33, 0.929, 1),
(244, 7, 'BN', 'Pavelski', 7, 12, 7, 5, 0, 41, 101, 24, 15, 0, 0, 0, 0, 0),
(245, 7, 'BN', 'Kopitar', 8, 16, -8, 9, 0, 68, 267, 21, 28, 0, 0, 0, 0, 0),
(246, 7, 'BN', 'Kempe', 10, 5, -8, 4, 1, 65, 12, 33, 6, 0, 0, 0, 0, 0),
(247, 7, 'BN', 'Bergeron', 8, 10, 2, 9, 0, 75, 288, 29, 17, 0, 0, 0, 0, 0),
(248, 7, 'BN', 'Duclar', 9, 8, 14, 4, 0, 35, 0, 6, 6, 0, 0, 0, 0, 0),
(249, 7, 'IR', 'DeAngelo', 4, 15, 10, 6, 0, 43, 0, 8, 14, 0, 0, 0, 0, 0),
(250, 7, 'IR', 'Binnington', 0, 0, 0, 0, 0, 0, 0, 0, 0, 16, 8, 2.8, 0.912, 1),
(251, 7, 'IR', 'M Smith', 0, 0, 0, 0, 0, 0, 0, 0, 0, 3, 2, 3.08, 0.92, 0),
(252, 8, 'C', 'Zibanejad', 4, 14, 5, 7, 1, 57, 161, 18, 14, 0, 0, 0, 0, 0),
(253, 8, 'C', 'Larkin', 10, 11, 6, 4, 0, 60, 154, 8, 10, 0, 0, 0, 0, 0),
(254, 8, 'LW', 'Connor', 15, 12, 5, 7, 0, 105, 0, 11, 4, 0, 0, 0, 0, 0),
(255, 8, 'LW', 'Svechnikov', 9, 12, 9, 7, 0, 70, 0, 37, 1, 0, 0, 0, 0, 0),
(256, 8, 'RW', 'Duchene', 13, 11, 0, 7, 0, 76, 75, 5, 7, 0, 0, 0, 0, 0),
(257, 8, 'RW', 'Buchnevich', 9, 9, 7, 7, 0, 69, 6, 15, 6, 0, 0, 0, 0, 0),
(258, 8, 'D', 'Fowler', 4, 11, 0, 8, 0, 47, 0, 16, 38, 0, 0, 0, 0, 0),
(259, 8, 'D', 'Chychrun', 2, 5, -29, 1, 0, 79, 0, 32, 34, 0, 0, 0, 0, 0),
(260, 8, 'D', 'Larsson', 2, 5, -11, 1, 0, 36, 0, 65, 49, 0, 0, 0, 0, 0),
(261, 8, 'D', 'Romanov', 1, 3, -5, 0, 0, 29, 0, 74, 34, 0, 0, 0, 0, 0),
(262, 8, 'G', 'Samsonov', 0, 0, 0, 0, 0, 0, 0, 0, 0, 13, 11, 2.42, 0.916, 3),
(263, 8, 'G', 'Reimer', 0, 0, 0, 0, 0, 0, 0, 0, 0, 13, 8, 2.05, 0.934, 1),
(264, 8, 'BN', 'Zegras', 6, 15, -6, 5, 0, 64, 88, 11, 8, 0, 0, 0, 0, 0),
(265, 8, 'BN', 'Rantanen', 10, 11, 9, 10, 0, 63, 43, 19, 5, 0, 0, 0, 0, 0),
(266, 8, 'BN', 'Johnson', 3, 6, 9, 0, 2, 45, 0, 47, 37, 0, 0, 0, 0, 0),
(267, 8, 'BN', 'Vanecek', 0, 0, 0, 0, 0, 0, 0, 0, 0, 12, 4, 2.56, 0.905, 0),
(268, 8, 'IR', 'Pulock', 0, 2, -2, 1, 0, 19, 0, 25, 34, 0, 0, 0, 0, 0),
(269, 8, 'IR', 'Perron', 7, 11, -1, 8, 0, 50, 1, 15, 3, 0, 0, 0, 0, 0),
(270, 8, 'IR', 'Anderson', 0, 0, 0, 0, 0, 0, 0, 0, 0, 6, 4, 2.5, 0.921, 0),
(271, 9, 'C', 'Aho', 10, 15, 8, 7, 1, 69, 160, 13, 9, 0, 0, 0, 0, 0),
(272, 9, 'C', 'Gabriel-Pageua', 2, 4, -2, 1, 1, 28, 178, 42, 8, 0, 0, 0, 0, 0),
(273, 9, 'LW', 'DeBrincat', 14, 5, -6, 6, 0, 76, 6, 38, 11, 0, 0, 0, 0, 0),
(274, 9, 'LW', 'Teraveinen', 6, 11, 8, 8, 1, 63, 3, 9, 14, 0, 0, 0, 0, 0),
(275, 9, 'RW', 'Lindholm', 11, 14, 21, 9, 1, 73, 234, 20, 15, 0, 0, 0, 0, 0),
(276, 9, 'RW', 'Necas', 5, 8, 4, 1, 0, 44, 10, 15, 6, 0, 0, 0, 0, 0),
(277, 9, 'D', 'Lindell', 0, 5, 7, 1, 1, 54, 0, 44, 46, 0, 0, 0, 0, 0),
(278, 9, 'D', 'Murphy', 1, 1, -11, 0, 0, 16, 0, 48, 48, 0, 0, 0, 0, 0),
(279, 9, 'D', 'Faulk', 4, 6, 9, 2, 0, 57, 0, 39, 33, 0, 0, 0, 0, 0),
(280, 9, 'D', 'Grzelcyk', 0, 4, -5, 0, 0, 41, 0, 10, 28, 0, 0, 0, 0, 0),
(281, 9, 'G', 'Cambpell', 0, 0, 0, 0, 0, 0, 0, 0, 0, 19, 13, 1.78, 0.942, 3),
(282, 9, 'G', 'Jarry', 0, 0, 0, 0, 0, 0, 0, 0, 0, 20, 11, 1.92, 0.934, 3),
(283, 9, 'BN', 'Robertson', 7, 11, 8, 4, 0, 39, 0, 3, 4, 0, 0, 0, 0, 0),
(284, 9, 'BN', 'Hall', 5, 6, -3, 4, 0, 55, 1, 15, 10, 0, 0, 0, 0, 0),
(285, 9, 'BN', 'O\'Reilly', 4, 9, 1, 2, 0, 43, 247, 6, 11, 0, 0, 0, 0, 0),
(286, 9, 'BN', 'Pastrnak', 8, 11, 0, 5, 0, 98, 1, 18, 4, 0, 0, 0, 0, 0),
(287, 9, 'IR', 'W Karlsson', 1, 2, -5, 0, 0, 18, 85, 6, 6, 0, 0, 0, 0, 0),
(288, 10, 'C', 'Draisaitl', 21, 22, 15, 17, 1, 83, 267, 11, 5, 0, 0, 0, 0, 0),
(289, 10, 'C', 'Dvorak', 5, 7, -13, 2, 0, 47, 261, 15, 36, 0, 0, 0, 0, 0),
(290, 10, 'LW', 'Hertl', 12, 5, -6, 4, 0, 71, 214, 33, 11, 0, 0, 0, 0, 0),
(291, 10, 'LW', 'Miller', 9, 16, -2, 12, 0, 65, 191, 56, 14, 0, 0, 0, 0, 0),
(292, 10, 'RW', 'Bjorkstrand', 8, 13, -11, 8, 0, 68, 6, 14, 7, 0, 0, 0, 0, 0),
(293, 10, 'RW', 'Seguin', 6, 4, -4, 3, 0, 53, 133, 25, 9, 0, 0, 0, 0, 0),
(294, 10, 'D', 'Ferraro', 2, 8, -1, 0, 0, 22, 0, 54, 79, 0, 0, 0, 0, 0),
(295, 10, 'D', 'Josi', 8, 16, 5, 11, 0, 79, 0, 13, 33, 0, 0, 0, 0, 0),
(296, 10, 'D', 'Toews', 4, 11, 15, 4, 0, 29, 0, 14, 13, 0, 0, 0, 0, 0),
(297, 10, 'D', 'Brodin', 3, 11, 6, 3, 1, 49, 0, 19, 42, 0, 0, 0, 0, 0),
(298, 10, 'G', 'Merzlikins', 0, 0, 0, 0, 0, 0, 0, 0, 0, 15, 10, 2.95, 0.915, 1),
(299, 10, 'G', 'Lehner', 0, 0, 0, 0, 0, 0, 0, 0, 0, 19, 10, 3.02, 0.91, 0),
(300, 10, 'BN', 'Tanev', 8, 5, 2, 2, 1, 45, 1, 90, 15, 0, 0, 0, 0, 0),
(301, 10, 'BN', 'Puljujarvi', 8, 11, 8, 3, 0, 59, 0, 25, 4, 0, 0, 0, 0, 0),
(302, 10, 'BN', 'Rust', 2, 7, 1, 2, 0, 35, 1, 4, 4, 0, 0, 0, 0, 0),
(303, 10, 'BN', 'Petersen', 0, 0, 0, 0, 0, 0, 0, 0, 0, 11, 5, 3.1, 0.893, 0),
(304, 10, 'IR', 'Eichel', 0, 0, 0, 0, 0, 0, 0, 0, 0, 0, 0, 0, 0, 0),
(305, 10, 'IR', 'Cernak', 1, 3, 2, 0, 0, 34, 0, 41, 24, 0, 0, 0, 0, 0),
(306, 11, 'C', 'Couturier', 5, 9, -6, 4, 1, 67, 178, 17, 12, 0, 0, 0, 0, 0),
(307, 11, 'C', 'Kadri', 10, 21, 3, 12, 0, 68, 192, 19, 4, 0, 0, 0, 0, 0),
(308, 11, 'LW', 'Huberdeau', 9, 21, 7, 8, 1, 64, 8, 34, 10, 0, 0, 0, 0, 0),
(309, 11, 'LW', 'Garland', 8, 11, 5, 2, 0, 74, 3, 16, 4, 0, 0, 0, 0, 0),
(310, 11, 'RW', 'Stone', 1, 11, 3, 0, 1, 22, 1, 7, 12, 0, 0, 0, 0, 0),
(311, 11, 'RW', 'R Smith', 10, 9, 4, 3, 3, 75, 0, 23, 9, 0, 0, 0, 0, 0),
(312, 11, 'D', 'Gudas', 0, 6, 8, 0, 0, 40, 0, 107, 39, 0, 0, 0, 0, 0),
(313, 11, 'D', 'Dumba', 3, 10, 7, 3, 0, 60, 0, 45, 42, 0, 0, 0, 0, 0),
(314, 11, 'D', 'Manson', 3, 3, 5, 0, 0, 41, 0, 73, 24, 0, 0, 0, 0, 0),
(315, 11, 'D', 'Oleksiak', 1, 9, 3, 0, 0, 33, 0, 74, 25, 0, 0, 0, 0, 0),
(316, 11, 'G', 'Gibson', 0, 0, 0, 0, 0, 0, 0, 0, 0, 20, 10, 2.69, 0.914, 1),
(317, 11, 'G', 'Georgiev', 0, 0, 0, 0, 0, 0, 0, 0, 0, 7, 4, 3.36, 0.882, 0),
(318, 11, 'BN', 'Pionk', 2, 14, 4, 6, 0, 53, 0, 68, 29, 0, 0, 0, 0, 0),
(319, 11, 'BN', 'Matthews', 17, 11, 4, 11, 0, 109, 211, 20, 19, 0, 0, 0, 0, 0),
(320, 11, 'BN', 'Nylander', 11, 15, 3, 11, 0, 100, 9, 5, 3, 0, 0, 0, 0, 0),
(321, 11, 'BN', 'Reinhart', 7, 11, 5, 4, 0, 54, 43, 19, 11, 0, 0, 0, 0, 0),
(322, 11, 'IR', 'Shesterkin', 0, 0, 0, 0, 0, 0, 0, 0, 0, 17, 13, 2.05, 0.937, 1),
(323, 12, 'C', 'Johansen', 7, 15, -1, 8, 0, 38, 219, 21, 15, 0, 0, 0, 0, 0),
(324, 12, 'C', 'Barzal', 5, 9, -4, 4, 0, 54, 76, 14, 5, 0, 0, 0, 0, 0),
(325, 12, 'LW', 'Heinen', 7, 5, 4, 2, 0, 46, 0, 25, 16, 0, 0, 0, 0, 0),
(326, 12, 'LW', 'Laughton', 5, 2, -4, 0, 2, 32, 120, 50, 19, 0, 0, 0, 0, 0),
(327, 12, 'RW', 'Kaprizov', 9, 21, 11, 5, 0, 84, 2, 24, 6, 0, 0, 0, 0, 0),
(328, 12, 'RW', 'Suter', 5, 8, 0, 3, 0, 56, 137, 8, 10, 0, 0, 0, 0, 0),
(329, 12, 'D', 'Werenski', 5, 12, -3, 7, 1, 73, 0, 12, 37, 0, 0, 0, 0, 0),
(330, 12, 'D', 'Ekholm', 0, 5, -1, 0, 0, 41, 0, 11, 26, 0, 0, 0, 0, 0),
(331, 12, 'D', 'Q  Hughes', 2, 18, 4, 9, 1, 54, 0, 6, 16, 0, 0, 0, 0, 0),
(332, 12, 'D', 'McNabb', 2, 4, 3, 0, 0, 17, 0, 54, 57, 0, 0, 0, 0, 0),
(333, 12, 'G', 'Fleury', 0, 0, 0, 0, 0, 0, 0, 0, 0, 17, 7, 2.96, 0.908, 1),
(334, 12, 'G', 'Bobrovsky', 0, 0, 0, 0, 0, 0, 0, 0, 0, 16, 11, 2.41, 0.92, 0),
(335, 12, 'BN', 'Burns', 2, 13, -1, 4, 1, 65, 0, 15, 48, 0, 0, 0, 0, 0),
(336, 12, 'BN', 'Getzlaf', 1, 19, 0, 5, 0, 55, 258, 38, 24, 0, 0, 0, 0, 0),
(337, 12, 'BN', 'Point', 7, 6, 2, 4, 0, 38, 73, 14, 5, 0, 0, 0, 0, 0),
(338, 12, 'IR', 'Laine', 3, 7, 2, 4, 0, 23, 0, 5, 5, 0, 0, 0, 0, 0),
(339, 12, 'IR', 'M. Jones', 0, 0, 0, 0, 0, 0, 0, 0, 0, 8, 3, 3.41, 0.908, 0),
(340, 0, 'pos', 'pname', 0, 0, 0, 0, 0, 0, 0, 0, 0, 0, 0, 0, 0, 0),
(341, 5, 'C', 'Dubois', 11, 9, 6, 5, 0, 68, 137, 28, 18, 0, 0, 0, 0, 0),
(342, 5, 'C', 'Couture', 7, 13, 11, 3, 2, 54, 222, 27, 19, 0, 0, 0, 0, 0),
(343, 5, 'LW', 'Stephenson', 9, 12, 4, 2, 2, 40, 204, 26, 16, 0, 0, 0, 0, 0),
(344, 5, 'LW', 'Raymond', 10, 12, 3, 5, 0, 58, 5, 12, 7, 0, 0, 0, 0, 0),
(345, 5, 'RW', 'Guentzel', 13, 11, -3, 7, 0, 89, 9, 30, 19, 0, 0, 0, 0, 0),
(346, 5, 'RW', 'Rodrigues', 8, 8, 2, 2, 0, 81, 101, 27, 6, 0, 0, 0, 0, 0),
(347, 5, 'D', 'Middleton', 2, 2, 4, 0, 0, 26, 0, 27, 26, 0, 0, 0, 0, 0),
(348, 5, 'D', 'Andersson', 0, 11, 13, 5, 0, 35, 0, 9, 36, 0, 0, 0, 0, 0),
(349, 5, 'D', 'Doughty', 1, 7, 2, 3, 0, 11, 0, 10, 4, 0, 0, 0, 0, 0),
(350, 5, 'D', 'Nurse', 0, 11, 4, 5, 0, 53, 0, 66, 20, 0, 0, 0, 0, 0),
(351, 5, 'BN', 'Provorov', 2, 6, -3, 3, 1, 39, 0, 14, 52, 0, 0, 0, 0, 0),
(352, 5, 'BN', 'Jensen', 3, 6, 20, 0, 0, 38, 0, 46, 36, 0, 0, 0, 0, 0),
(353, 5, 'BN', 'Letang', 1, 15, 1, 4, 0, 52, 0, 48, 34, 0, 0, 0, 0, 0),
(354, 5, 'G', 'Hart', 0, 0, 0, 0, 0, 0, 0, 0, 0, 14, 5, 2.7, 0.919, 1),
(355, 5, 'G', 'Hellebuyck', 0, 0, 0, 0, 0, 0, 0, 0, 0, 18, 3, 2.68, 0.916, 0),
(356, 5, 'IR', 'Malkin', 0, 0, 0, 0, 0, 0, 0, 0, 0, 0, 0, 0, 0, 0),
(357, 5, 'IR', 'Marner', 6, 15, 5, 7, 1, 60, 3, 8, 12, 0, 0, 0, 0, 0),
(358, 5, 'IR', 'Kuemper', 0, 0, 0, 0, 0, 0, 0, 0, 0, 15, 9, 2.84, 0.903, 0);

-- --------------------------------------------------------

--
-- Table structure for table `standings`
--

DROP TABLE IF EXISTS `standings`;
CREATE TABLE IF NOT EXISTS `standings` (
  `teamid` int NOT NULL,
  `teamname` varchar(50) NOT NULL,
  `wins` int NOT NULL,
  `losses` int NOT NULL,
  `ties` int NOT NULL,
  `points` int NOT NULL,
  `role` varchar(50) DEFAULT NULL,
  `password` varchar(50) NOT NULL,
  `logo` varchar(50) NOT NULL,
  PRIMARY KEY (`teamid`)
) ENGINE=MyISAM AUTO_INCREMENT=16 DEFAULT CHARSET=utf8mb4 COLLATE=utf8mb4_0900_ai_ci;

--
-- Dumping data for table `standings`
--

INSERT INTO `standings` (`teamid`, `teamname`, `wins`, `losses`, `ties`, `points`, `role`, `password`, `logo`) VALUES
(1, ' Benn Laden', 70, 27, 15, 155, 'commissioner', 'commissioner', 'barzal.jpg'),
(2, ' Lions Not Sheep', 56, 29, 13, 135, 'player', 'player', 'eichel.jpg'),
(3, ' CanuckStruck.comCanucksSuck', 45, 38, 15, 105, 'player', 'player', 'fox.png'),
(4, ' Queer Anon', 46, 42, 10, 102, 'player', 'player', 'hamilton.jpg'),
(5, ' FrankenBerritory', 42, 40, 16, 100, 'player', 'player', 'josi.png'),
(6, ' SNero', 42, 45, 11, 95, 'player', 'player', 'kaprizov.png'),
(7, ' DC Sports', 40, 46, 12, 92, 'player', 'player', 'mackinnon.jpg'),
(8, ' Gordotronic Supersonics', 42, 45, 11, 95, 'player', 'player', 'ovi.png'),
(9, ' Max matchless Team', 36, 46, 16, 88, 'player', 'player', 'panarin.png'),
(10, ' Meme Machine', 36, 49, 13, 85, 'player', 'player', 'rantanen.jpg'),
(11, ' Blue Line Bums', 35, 49, 14, 84, 'player', 'player', 'scheiffele.jpg'),
(12, ' Pumbas Phenomenal Team', 31, 55, 12, 74, 'player', 'player', 'stamkos.jpg');

-- --------------------------------------------------------

--
-- Table structure for table `teamstats`
--

DROP TABLE IF EXISTS `teamstats`;
CREATE TABLE IF NOT EXISTS `teamstats` (
  `teamid` int NOT NULL AUTO_INCREMENT,
  `teamname` varchar(50) NOT NULL,
  `G` int NOT NULL,
  `A` int NOT NULL,
  `plusminus` int NOT NULL,
  `PPP` int NOT NULL,
  `SHP` int NOT NULL,
  `SOG` int NOT NULL,
  `FW` int NOT NULL,
  `HIT` int NOT NULL,
  `BLK` int NOT NULL,
  `GS` int NOT NULL,
  `W` int NOT NULL,
  `GAA` int NOT NULL,
  `SV` int NOT NULL,
  `SHO` int NOT NULL,
  PRIMARY KEY (`teamid`),
  UNIQUE KEY `place` (`teamid`)
) ENGINE=MyISAM AUTO_INCREMENT=13 DEFAULT CHARSET=utf8mb4 COLLATE=utf8mb4_0900_ai_ci;

--
-- Dumping data for table `teamstats`
--

INSERT INTO `teamstats` (`teamid`, `teamname`, `G`, `A`, `plusminus`, `PPP`, `SHP`, `SOG`, `FW`, `HIT`, `BLK`, `GS`, `W`, `GAA`, `SV`, `SHO`) VALUES
(4, 'Queer Anon', 87, 126, 43, 54, 5, 720, 266, 239, 200, 33, 15, 3, 1, 0),
(7, 'DC Sports', 75, 128, 9, 77, 2, 612, 693, 239, 166, 40, 20, 3, 1, 3),
(6, 'SNero', 70, 123, -15, 57, 3, 670, 559, 289, 221, 26, 13, 3, 1, 3),
(10, 'Meme Machine', 70, 98, 10, 51, 2, 570, 798, 320, 234, 36, 18, 3, 1, 1),
(3, 'CanucksSuck', 69, 114, -5, 62, 1, 690, 508, 333, 237, 41, 14, 3, 1, 2),
(1, 'Benn Laden', 67, 115, 69, 32, 6, 681, 927, 392, 312, 44, 31, 2, 1, 5),
(8, 'Gordotronic Supersonics', 66, 96, -16, 51, 1, 609, 463, 284, 188, 37, 15, 3, 1, 1),
(9, 'Max matchless Team', 57, 81, 11, 38, 2, 557, 627, 257, 217, 34, 22, 2, 1, 6),
(2, 'Lions Not Sheep', 56, 130, 17, 53, 3, 660, 748, 308, 204, 38, 21, 2, 1, 4),
(5, 'FrankenBerritory', 55, 114, 10, 40, 7, 557, 732, 371, 207, 43, 26, 3, 1, 2),
(11, 'Blue Line Bums', 54, 116, 35, 45, 2, 643, 553, 384, 195, 40, 23, 3, 1, 3),
(12, 'Pumbas Phenomenal Team', 45, 111, -2, 45, 3, 521, 480, 211, 215, 32, 17, 2, 1, 1);
COMMIT;

/*!40101 SET CHARACTER_SET_CLIENT=@OLD_CHARACTER_SET_CLIENT */;
/*!40101 SET CHARACTER_SET_RESULTS=@OLD_CHARACTER_SET_RESULTS */;
/*!40101 SET COLLATION_CONNECTION=@OLD_COLLATION_CONNECTION */;
